id,mediaId,userId,createdAt
60002,300001,30001,2026-07-10 03:28:22
90007,360001,6390001,2026-07-10 04:05:32
150001,450001,1,2026-07-10 04:18:10
150002,450003,3,2026-07-10 04:18:11
150003,450003,4,2026-07-10 04:18:11
150004,450005,1,2026-07-10 04:18:33
150005,450007,3,2026-07-10 04:18:34
150006,450007,4,2026-07-10 04:18:34
180001,390001,30001,2026-07-10 04:33:48
180002,420001,30001,2026-07-10 04:33:56
180003,360001,30001,2026-07-10 04:34:00
180004,300001,6390001,2026-07-10 04:35:10
180005,420001,6390001,2026-07-10 04:35:15
180006,390001,6390001,2026-07-10 04:35:20
210001,480001,1,2026-07-10 05:23:32
210002,480003,3,2026-07-10 05:23:32
210003,480003,4,2026-07-10 05:23:32
210004,480005,1,2026-07-10 05:24:06
210005,480007,3,2026-07-10 05:24:06
210006,480007,4,2026-07-10 05:24:06
210007,480009,1,2026-07-10 05:24:32
210008,480011,3,2026-07-10 05:24:33
210009,480011,4,2026-07-10 05:24:33
210010,480013,1,2026-07-10 05:24:50
210011,480015,3,2026-07-10 05:24:50
210012,480015,4,2026-07-10 05:24:50
240001,510001,1,2026-07-10 05:25:43
240002,510003,3,2026-07-10 05:25:43
240003,510003,4,2026-07-10 05:25:43
240004,510005,1,2026-07-10 05:25:50
240005,510007,3,2026-07-10 05:25:50
240006,510007,4,2026-07-10 05:25:50
240007,510009,1,2026-07-10 05:26:15
240008,510011,3,2026-07-10 05:26:15
240009,510011,4,2026-07-10 05:26:15
240010,510013,1,2026-07-10 05:26:39
240011,510015,3,2026-07-10 05:26:39
240012,510015,4,2026-07-10 05:26:39
240013,510017,1,2026-07-10 05:26:46
240014,510019,3,2026-07-10 05:26:46
240015,510019,4,2026-07-10 05:26:46
270001,540001,1,2026-07-10 05:27:27
270002,540003,3,2026-07-10 05:27:27
270003,540003,4,2026-07-10 05:27:27
300001,570001,1,2026-07-10 22:04:06
300002,570003,3,2026-07-10 22:04:06
300003,570003,4,2026-07-10 22:04:06
300004,570005,1,2026-07-10 22:04:13
300005,570007,3,2026-07-10 22:04:13
300006,570007,4,2026-07-10 22:04:13
300007,570009,1,2026-07-10 22:04:20
300008,570011,3,2026-07-10 22:04:20
300009,570011,4,2026-07-10 22:04:20
300010,570013,1,2026-07-10 22:04:34
300011,570015,3,2026-07-10 22:04:34
300012,570015,4,2026-07-10 22:04:34
330002,300001,2010001,2026-07-10 23:49:08
360001,390001,2010001,2026-07-11 01:40:03
390001,810001,30001,2026-07-14 02:29:28
390002,630001,30001,2026-07-14 02:29:59
390003,660001,30001,2026-07-14 02:30:02
390004,600001,30001,2026-07-14 02:30:07
390005,690001,30001,2026-07-14 02:30:18
390006,720001,30001,2026-07-14 02:30:22
390007,780001,30001,2026-07-14 02:30:34
390008,840001,30001,2026-07-14 02:30:40
390009,900001,30001,2026-07-14 02:31:12
390010,840002,30001,2026-07-14 02:31:13
390011,870001,30001,2026-07-14 02:31:16
390012,930001,30001,2026-07-14 02:31:24
450001,960001,15720001,2026-07-14 13:03:25
450002,870001,15720001,2026-07-14 13:04:02
480001,960001,30001,2026-07-15 03:30:25
