id,participationId,isPaid,paidAt,createdAt,updatedAt
1,1,0,,2026-07-02 23:36:00,2026-07-02 23:36:00
30001,30001,0,,2026-07-03 04:59:06,2026-07-03 04:59:06
60001,60001,0,,2026-07-03 19:11:33,2026-07-03 19:11:33
90001,90001,0,,2026-07-03 19:58:08,2026-07-03 19:58:08
120001,120001,0,,2026-07-03 21:22:21,2026-07-03 21:22:21
150001,150001,0,,2026-07-04 10:00:58,2026-07-04 10:00:58
180001,180001,0,,2026-07-05 18:05:23,2026-07-05 18:05:23
210001,210001,0,,2026-07-05 18:22:35,2026-07-05 18:22:35
210002,210002,0,,2026-07-05 18:24:10,2026-07-05 18:24:10
240001,240001,0,,2026-07-06 01:49:24,2026-07-06 01:49:24
270001,270001,0,,2026-07-06 01:52:16,2026-07-06 01:52:16
300001,300001,0,,2026-07-06 04:04:04,2026-07-06 04:04:04
330001,330001,0,,2026-07-09 05:11:18,2026-07-09 05:11:18
360001,390001,0,,2026-07-10 23:44:45,2026-07-10 23:44:45
390001,450001,0,,2026-07-14 21:07:22,2026-07-14 21:07:22
